{
  "accuracy": 0.8646714378659727,
  "precision_macro": 0.8554894889372469,
  "recall_macro": 0.8881120311123174,
  "f1_macro": 0.8597824561403509,
  "precision_weighted": 0.892137441617987,
  "recall_weighted": 0.8646714378659727,
  "f1_weighted": 0.8676014199454394,
  "val_loss": 0.44467530862552784,
  "val_acc": 0.8646714378659727
}